count,get,post,filter,delete
3,412,552,555,786
9,543,412,554,543
7,411,411,559,428
5,402,407,549,440
1,416,400,551,634
2,411,408,408,492
8,416,419,415,413
4,584,552,551,1101
6,547,551,412,545
10,538,409,548,548
