count,startPost,post,startGet,get,startFilter,filter,startDelete,delete
8,1545039570832,419,1545039571251,416,1545039571667,415,1545039624460,413
5,1545039572986,407,1545039573393,402,1545039573795,549,1545039622054,440
6,1545039573088,551,1545039573639,547,1545039574186,412,1545039628421,545
4,1545039577107,552,1545039577659,584,1545039578243,551,1545039624978,1101
7,1545039577603,411,1545039578014,411,1545039578425,559,1545039618938,428
3,1545039578104,552,1545039578656,412,1545039579068,555,1545039613548,786
9,1545039578512,412,1545039578924,543,1545039579467,554,1545039616986,543
2,1545039578575,408,1545039578983,411,1545039579394,408,1545039624369,492
1,1545039581875,400,1545039582275,416,1545039582691,551,1545039621939,634
10,1545039583057,409,1545039583466,538,1545039584004,548,1545039628802,548
